{
  "questionairs": [
    {
      "id": 1,
      "question": "Which country joins BRICS' New Development Bank (NDB) as its member recently?",
      "options": [
        {
          "option1": "Australia",
          "option2": "Saudi Arabia",
          "option3": "Egypt",
          "option4": "Singapore"
        }
      ],
      "Answer": "Egypt",
      "Marks": "2",
      "obtained": "",
      "checkAnswer": "",
      "statusAns": ""
    },
    {
      "id": 2,
      "question": "Who is crowned Miss Universe 2021",
      "options": [
        {
          "option1": "Harnaaz Sandhu",
          "option2": "Andrea Meza",
          "option3": "Nadia Ferreira",
          "option4": "Lalela Mswane"
        }
      ],
      "Answer": "Harnaaz Sandhu",
      "Marks": "2",
      "obtained": "",
      "checkAnswer": ""
    },
    {
      "id": 3,
      "question": "A solar probe from NASA touched the sun. The name of the solar probe is ",
      "options": [
        {
          "option1": "SATI",
          "option2": "Parker",
          "option3": "Opportunity",
          "option4": "Spirit"
        }
      ],
      "Answer": "Parker",
      "Marks": "2",
      "obtained": "",
      "checkAnswer": ""
    },
    {
      "id": 4,
      "question": "Gabriel Boric has been elected as the youngest President of",
      "options": [
        {
          "option1": "Itali",
          "option2": "Slovakia",
          "option3": "Chile",
          "option4": "Maldova"
        }
      ],
      "Answer": "Chile",
      "Marks": "2",
      "obtained": "",
      "checkAnswer": ""
    },
    {
      "id": 5,
      "question": "Which team clinches the Vijay Hazare 2021 title?",
      "options": [
        {
          "option1": "Maharashtra",
          "option2": "Delhi",
          "option3": "Tamil Nadu",
          "option4": "Himachal Pradesh"
        }
      ],
      "Answer": "Himachal Pradesh",
      "Marks": "2",
      "obtained": "",
      "checkAnswer": ""
    }
  ],
  "users": [
    {
      "id": 1,
      "studentName": "test",
      "studentClass": "test",
      "studentEmail": "test@test.com",
      "studentPhone": "000000000000",
      "dateOfBirth": "22-22-2222"
    },
    {
      "studentName": "Nirvikar Satsangi",
      "studentClass": "5",
      "studentEmail": "nirvikar21@gmail.com",
      "studentPhone": "8826705436",
      "dateOfBirth": "21-08-1979",
      "id": 2
    },
    {
      "studentName": "xcxzc",
      "studentClass": "xzcxzc",
      "studentEmail": "xzcxzcxzcx",
      "studentPhone": "xczcxzc",
      "dateOfBirth": "cvbvcbvcb",
      "id": 3
    },
    {
      "studentName": "",
      "studentClass": "",
      "studentEmail": "",
      "id": 4
    },
    {
      "studentName": "xzcxzc",
      "studentClass": "xzcxzc",
      "studentEmail": "xzcxzc@dddd.com",
      "password": "dddddd",
      "studentPhone": "xzcxzc",
      "dateOfBirth": "xcxzcxzc",
      "userName": "xzcxzc",
      "id": 5
    }
  ]
}