{
  "questionairs": [
    {
      "id": 1,
      "question": "Which country joins BRICS' New Development Bank (NDB) as its member recently?",
      "options": [
        {
          "option1": "Australia",
          "option2": "Saudi Arabia",
          "option3": "Egypt",
          "option4": "Singapore"
        }
      ],
      "Answer": "Egypt",
      "Marks": "2",
      "obtained": "",
      "checkAnswer": "",
      "statusAns": ""
    },
    {
      "id": 2,
      "question": "Who is crowned Miss Universe 2021",
      "options": [
        {
          "option1": "Harnaaz Sandhu",
          "option2": "Andrea Meza",
          "option3": "Nadia Ferreira",
          "option4": "Lalela Mswane"
        }
      ],
      "Answer": "Harnaaz Sandhu",
      "Marks": "2",
      "obtained": "",
      "checkAnswer": ""
    },
    {
      "id": 3,
      "question": "A solar probe from NASA touched the sun. The name of the solar probe is ",
      "options": [
        {
          "option1": "SATI",
          "option2": "Parker",
          "option3": "Opportunity",
          "option4": "Spirit"
        }
      ],
      "Answer": "Parker",
      "Marks": "2",
      "obtained": "",
      "checkAnswer": ""
    },
    {
      "id": 4,
      "question": "Gabriel Boric has been elected as the youngest President of",
      "options": [
        {
          "option1": "Itali",
          "option2": "Slovakia",
          "option3": "Chile",
          "option4": "Maldova"
        }
      ],
      "Answer": "Chile",
      "Marks": "2",
      "obtained": "",
      "checkAnswer": ""
    },
    {
      "id": 5,
      "question": "Which team clinches the Vijay Hazare 2021 title?",
      "options": [
        {
          "option1": "Maharashtra",
          "option2": "Delhi",
          "option3": "Tamil Nadu",
          "option4": "Himachal Pradesh"
        }
      ],
      "Answer": "Himachal Pradesh",
      "Marks": "2",
      "obtained": "",
      "checkAnswer": ""
    }
  ],
  "users": [ ],
  "configuration": [
   
    
  ]
}